{"cameraMode":{"drawMode":0,"name":"Shaded","section":"Shading Mode"},"sceneLighting":true,"audioPlay":false,"sceneViewState":{"showFog":true,"showMaterialUpdate":false,"showSkybox":true,"showFlares":true,"showImageEffects":true,"showParticleSystems":true},"in2DMode":false,"pivot":{"x":-7.858199119567871,"y":-11.715200424194336,"z":44.9759521484375},"rotation":{"x":0.1305738091468811,"y":-0.12457312643527985,"z":0.016539767384529115,"w":0.9834438562393189},"size":78.88607788085938,"orthographic":false}