{"cameraMode":{"drawMode":0,"name":"Shaded","section":"Shading Mode"},"sceneLighting":true,"audioPlay":false,"sceneViewState":{"showFog":true,"showMaterialUpdate":false,"showSkybox":true,"showFlares":true,"showImageEffects":true,"showParticleSystems":true},"in2DMode":false,"pivot":{"x":-1.2018470764160157,"y":-5.412556171417236,"z":0.5441622734069824},"rotation":{"x":-0.2057187706232071,"y":0.29887086153030398,"z":-0.0661463662981987,"w":-0.9295052886009216},"size":7.694241523742676,"orthographic":false}