{"cameraMode":{"drawMode":0,"name":"Shaded","section":"Shading Mode"},"sceneLighting":false,"audioPlay":false,"sceneViewState":{"showFog":true,"showMaterialUpdate":false,"showSkybox":false,"showFlares":true,"showImageEffects":true,"showParticleSystems":true},"in2DMode":false,"pivot":{"x":-0.5746840834617615,"y":1.1427286863327027,"z":-0.48873472213745119},"rotation":{"x":0.04031400382518768,"y":-0.09278927743434906,"z":0.0037598893977701666,"w":0.9948641061782837},"size":5.202651500701904,"orthographic":false}